{
    "tasks": [
        {
            "task_id": 0,
            "description": "Statistics for Task 0",
            "mean": [
                0.7667155033605804,
                620149.1098017014,
                92792.0733527598,
                0.43504773777153477,
                -2.44783237458548,
                1.9162990660408523,
                1.8963597657805211,
                0.8589145394154635,
                2.592620112023384,
                0.19010677316775734,
                -0.049369044601120946,
                0.116459449163357,
                991.4857108097827,
                52.98746876285524,
                1.558502235604627,
                0.8647349032233379,
                9.269462751940969,
                0.17090317543033584,
                0.8892365189271453,
                1.0434111062974671,
                0.6564106135843574,
                991.4857108097827,
                0.5507501381536449,
                0.44519873647004354,
                9.509979458740256,
                5.450716831336313,
                9.401866515032307,
                0.2302083918748667,
                0.15024254403888052,
                -0.19021080388197348,
                0.5812165448340697,
                58.53430577356317
            ],
            "std": [
                0.5460226582531177,
                132601909.25617766,
                19837174.289286163,
                0.20513114622391146,
                1.0522583231628972,
                0.5992264052922875,
                6.091807446370729,
                0.48528491074580715,
                1.1393199534711211,
                0.19594555305006844,
                1.5780285589525562,
                0.08686118069273684,
                212161.7659057451,
                1070.9238357823758,
                31.497760894051222,
                0.7081204488815827,
                10.937332094839121,
                0.1716739316624255,
                0.7529615382279488,
                3.173372508150333,
                0.3135399982167428,
                212161.7659057451,
                0.11667280113021448,
                0.1714911225262869,
                535.4182282174385,
                318.0877682697268,
                184.96156537961684,
                0.16765001050730274,
                0.48460767662152326,
                1.2317200340148948,
                0.11678686944458036,
                5687.466553059254
            ]
        },
        {
            "task_id": 1,
            "description": "Statistics for Task 1",
            "mean": [
                0.774297353063107,
                8281.118981072166,
                1885.9621079396518,
                0.44237432076016375,
                -2.375369696791835,
                2.0013941529596613,
                1.4145246674479175,
                0.7093396220980968,
                2.552419180632565,
                0.18773641612021152,
                -0.032418974012685745,
                0.11407257971066721,
                18.734605191621913,
                61.43688469764274,
                1.8070353423717855,
                1.0502175634665223,
                9.7116629985258,
                0.18291092412741788,
                0.9225419894959783,
                1.230637245261817,
                0.6036423040870061,
                18.734605191621913,
                0.5616295466966112,
                0.42496943869113507,
                8.335704886586422,
                4.511198414728203,
                9.150559624363668,
                0.24828018261700413,
                0.03847432981666741,
                -0.11300807081208401,
                0.5363536994544267,
                134.43585789008193
            ],
            "std": [
                0.5412661175878434,
                1468948.9120908577,
                329650.4273308331,
                0.19118967311966856,
                1.006212659303311,
                0.6610235877983293,
                2.0612183565309015,
                0.4258342867501924,
                1.1301955744651286,
                0.18832009045188777,
                1.4565472656737841,
                0.08480372778384053,
                3525.818873077777,
                153.0179091481886,
                4.500537406564658,
                0.7955280741547209,
                11.726474632463907,
                0.18446399735208338,
                0.7832615582253002,
                3.398896370688726,
                0.2974345802218989,
                3525.818873077777,
                0.11504779897938922,
                0.17838965372592408,
                75.45357232249589,
                44.81931878070579,
                143.15198746762727,
                0.18204275275301515,
                0.4966464635593891,
                1.2571992028854164,
                0.11183612456873217,
                1049.213293754733
            ]
        }
    ]
}